run,rows,row_days,rows_per_day,row_wr,row_avg,row_total,parents,parent_days,parents_per_day,parent_wr,parent_avg,parent_total
1m,25357,1861,13.625470177324019,0.5646567022912805,-3.7253701147612106,-94464.21000000002,18286,1861,9.825900053734552,0.4469539538444712,-5.1659307667067695,-94464.20999999999
5m,15439,1422,10.857243319268635,0.5938856143532613,-3.5620856273074684,-54995.04,5459,1420,3.8443661971830987,0.4652866825425902,-10.074196739329546,-54995.03999999999
